{"cameraMode":{"drawMode":0,"name":"Shaded","section":"Shading Mode"},"sceneLighting":false,"audioPlay":false,"sceneViewState":{"showFog":true,"showMaterialUpdate":true,"showSkybox":true,"showFlares":true,"showImageEffects":true,"showParticleSystems":true},"in2DMode":false,"pivot":{"x":-18.854862213134767,"y":1.1567966938018799,"z":22.724069595336915},"rotation":{"x":-0.013997133821249009,"y":0.358964204788208,"z":-0.0053832451812922958,"w":-0.9332308173179627},"size":50.028472900390628,"orthographic":false}